0.080118520328676+0.000000000000000i,0.126463811496041+0.013939943144053i,0.157196838011477+0.053780879828286i,0.124997783709873+0.098204678042161i,0.064197820120700+0.059356149365548i,0.126676183304546+0.050000829949271i,0.001505445545473+0.220638608304467i,-0.272108445947238-0.059063267130808i,0.167977465618482-0.303449504397486i,0.269730370547987+0.239224524339882i,-0.239929868910569+0.183860919820778i,-0.097729688754915-0.183917828104683i,0.112094360635765-0.041860669380131i,0.015025416964403+0.056351906237725i,-0.024137433269964+0.004506562250387i,-0.000948502590275-0.008937281740834i,0.002790625341607-0.000000000000000i,-0.000278252556217+0.000586335873258i,-0.000237541221101-0.001065285213209i,0.002141024611891-0.002866199233488i,0.009742959455594-0.002332806450443i,0.020841173284789+0.009265914154229i,0.022222770551881+0.035590509775559i,0.003426630992401+0.063435411360351i,-0.027847506150588+0.079243185006288i,-0.065309785179753+0.082773745094735i,-0.108480504970073+0.062023987541717i,-0.127196540802610+0.004613065899374i,-0.088564320786328-0.052370485549575i,-0.020493910752567-0.059595131614975i,0.025602784828600-0.029062522825248i,0.048478020264582-0.005976733789615i
0.170584131231636+0.000000000000000i,0.149877891382144+0.093093022129173i,0.064104618149306+0.152546425414677i,-0.034658475847982+0.139196607980744i,-0.074972127937138+0.072039202492260i,-0.060650161127099+0.040303340015295i,-0.082919480413403-0.000546974805668i,0.006816269732449-0.070956577215845i,0.051359864524498+0.055980394305185i,-0.077801326727831+0.015836646831928i,0.023333290089033-0.052432790778464i,0.006483872845218+0.034415110733785i,-0.017015257421922-0.022914578557767i,0.024368635420400+0.003259526085511i,-0.010381535453170+0.012720521480413i,-0.003432371573863-0.007609305631709i,0.003281224970397-0.000000000000000i,-0.000458337780710+0.000873103580302i,-0.000040786992287-0.000509454830381i,0.001206340433890-0.000117931223920i,0.001705940132952+0.002932800021241i,-0.005049721105400+0.007282002654594i,-0.020336314283960-0.002887441873861i,-0.014748701475725-0.038338521087377i,0.042148449254132-0.055143606391925i,0.097458659576943+0.006341770895425i,0.058829613160607+0.096517745305882i,-0.043718275072835+0.097451964937069i,-0.087204702790148+0.006294216530828i,-0.036945372549063-0.076475498756925i,0.048668432710619-0.099688155578583i,0.126116949736219-0.071888961709143i
-0.010478684945761+0.000000000000000i,0.005841895630564+0.006908445532460i,0.021140218372785+0.023842102732409i,0.027759943974611+0.039865384016740i,0.011366164817209+0.065417298690871i,-0.054616476276813+0.019095241224374i,0.063083570440568-0.073655432388796i,0.091301558659004+0.189135956936005i,-0.318831657878233+0.018428329852447i,0.148357263364496-0.379215353404668i,0.306426045842317+0.313816471511381i,-0.368446402486309+0.138673802800401i,0.012657069688842-0.292677815115407i,0.163124791458574+0.076087627413322i,-0.066595640710438+0.062022011866616i,-0.013740848600870-0.035176050718196i,0.012820825610693-0.000000000000000i,-0.001367770831082+0.003230058265389i,-0.000467688150206-0.001162106863663i,0.002225092721685-0.001378966487045i,0.007608413520129+0.001372253052894i,0.012564325346329+0.014489477684995i,0.003660676381747+0.037425656024918i,-0.024384209069532+0.053259484283466i,-0.055454918323209+0.051395179301298i,-0.080043207738569+0.042284593699432i,-0.105820321307219+0.023543998708999i,-0.116168415976525-0.019392676389816i,-0.084032879444298-0.061399536675842i,-0.032601271154602-0.061411614850168i,-0.007770165540192-0.029473409967691i,-0.010879439443251-0.005605798249270i
-0.235710849668510+0.000000000000000i,-0.247263856982836-0.125944161207398i,-0.155271947870415-0.227622036964453i,-0.013493985988180-0.237155152543950i,0.081429286021868-0.136725545081024i,0.034072870990399-0.048951569038294i,0.036116119589496-0.110897841718138i,0.179118670290946-0.004190571895884i,-0.003008950020977+0.211169637405783i,-0.236840702787599-0.030448265832071i,0.056015362766836-0.238153564795934i,0.201769295268779+0.076080950630015i,-0.081645795287767+0.137621943494247i,-0.071908277435901-0.067263225078138i,0.041909678680810-0.026810007315712i,0.005958731767913+0.019661883454349i,-0.006906119226470+0.000000000000000i,0.000643132109885-0.001728159245282i,0.000214613542641+0.000784928320780i,-0.002181810890244+0.001140917601590i,-0.008094467535432-0.002923417267049i,-0.010563642900188-0.023284588174823i,0.021775352692099-0.058554559938724i,0.113042302973661-0.053940960011294i,0.195846425781844+0.063895033072214i,0.133757531671320+0.243740138926571i,-0.074223414353391+0.298965524856232i,-0.230440476696251+0.158093022951685i,-0.202357309161982-0.012721057972043i,-0.093753874940571-0.047864534753203i,-0.065615516258752+0.020120500419326i,-0.142950181502116+0.059717127537600i
0.234597306310011+0.000000000000000i,0.274926060593120+0.065834358563129i,0.253276749819552+0.131190322952571i,0.167596828208165+0.161442154350603i,0.071273673862493+0.103855914588686i,0.101774452722267+0.053668529447150i,0.025898975171562+0.190376826564743i,-0.249080430422365-0.009430429875926i,0.107129290039183-0.309416574827876i,0.305796629588616+0.195471749487524i,-0.230660421721129+0.228078239212116i,-0.126474969764142-0.199442026267151i,0.130843363597398-0.050332876617652i,0.013244465027267+0.066523330351915i,-0.026818472135500+0.001819053843381i,0.000016397044628-0.008887037886725i,0.002632152144261-0.000000000000000i,0.000367168476997+0.000991062675464i,-0.000127086141478+0.001970017130384i,-0.004634515687054+0.004621953661881i,-0.017881491091955-0.000583428470374i,-0.025358950197914-0.030830284691362i,0.014483040350187-0.072392427726348i,0.103806561935116-0.050575017879940i,0.137934332410768+0.072348677666850i,0.029968012006715+0.179309463645834i,-0.118577140859123+0.135602519212814i,-0.147738742906147-0.000169140584370i,-0.064603374061552-0.080636357372539i,0.025726626252856-0.080129002060818i,0.091432344478012-0.059513535404036i,0.160914421018104-0.039999163889722i
-0.238421841948134+0.000000000000000i,-0.226291242133631-0.052534199754094i,-0.167807096108480-0.080602117504909i,-0.086669428351261-0.074092733814445i,-0.030605957538713-0.025567884024049i,-0.046976825572505-0.014288000402672i,0.015911468577892-0.065422719711739i,0.073842346651830+0.052950657928917i,-0.083449500629501+0.057714983325591i,-0.018011105441026-0.085313031248904i,0.056937842832968+0.016112953531655i,-0.026135066573548+0.020281485457720i,0.002213730263479-0.018093851763070i,0.007427439454768+0.007544526396140i,-0.005030902270232+0.001776740020301i,-0.000195883453757-0.002109378911861i,0.000619761091100-0.000000000000000i,-0.000262228609248-0.000017767311014i,-0.000372342462365-0.001445132611856i,0.002469212595259-0.004616187354246i,0.014159715296079-0.004937841842367i,0.031793528996888+0.015432686253535i,0.018892566749152+0.066972608360713i,-0.069151202011909+0.095608270054606i,-0.177768250407930+0.002246482283589i,-0.147572487707568-0.187386172074777i,0.055900243065472-0.270047702558843i,0.227991680423891-0.133490842927545i,0.195975447884186+0.069500516343064i,0.032168597054664+0.155172963336436i,-0.114407792200487+0.124502953786070i,-0.200197970128651+0.061296601353494i
0.043579051174270+0.000000000000000i,0.079787194310544+0.049620101160905i,0.080689867411136+0.101339923439390i,0.051048808101757+0.123030040283662i,0.008001968304170+0.101084981960434i,0.001710702343625+0.036548991005217i,0.056952481855540+0.054439437940967i,-0.080055756837034+0.128709968168975i,-0.160315090138409-0.162878277284061i,0.270496980160734-0.147744918323301i,0.077236537791847+0.331656912561848i,-0.305926410289913-0.016189431729755i,0.076075126436304-0.212278103606082i,0.108776848401974+0.081426639528489i,-0.054407113989955+0.039149044365739i,-0.008374570765086-0.025732180107125i,0.008836853794751-0.000000000000000i,-0.001192411254957+0.001917527635476i,-0.000750523023756-0.002788582903586i,0.005031770037714-0.007248709521237i,0.024382777846281-0.005533674827316i,0.050330300529992+0.029930996931645i,0.028220448936489+0.109121198459946i,-0.094475453296011+0.152814659864883i,-0.235965020232766+0.043708106929271i,-0.213109444987262-0.169605691669413i,-0.009849556137001-0.264626186721897i,0.158509475925225-0.150244710411625i,0.146789598459324+0.012146187812222i,0.041951273328050+0.064606170044133i,-0.018866872355312+0.026144478336873i,-0.004575072656057-0.010887130336523i
-0.186159383794984+0.000000000000000i,-0.200308020177887-0.039594673384329i,-0.181074528390731-0.078378042659264i,-0.119928344145735-0.097971501775745i,-0.056257607513431-0.066597659034225i,-0.055930300297597-0.052431018686309i,0.028679881741914-0.093390249476522i,0.091916674211742+0.077231947386114i,-0.150225203757694+0.064037196039936i,0.003711455375370-0.186308868626648i,0.157718664549726+0.079214025658275i,-0.113878402275358+0.084873916575525i,-0.016630276012496-0.096139932164944i,0.054608161481097+0.016282354227113i,-0.018804158836411+0.020809958686543i,-0.004583505922502-0.010568870948061i,0.003935354473253-0.000000000000000i,-0.000323533501737+0.001046068243456i,0.000240181131871+0.000157600304326i,0.001226877538784+0.002171593728768i,0.000090979537443+0.009895216193930i,-0.016728821339291+0.027693576009153i,-0.078206851533325+0.035877525534273i,-0.181884622245193-0.036241806918512i,-0.215596669693078-0.242050148980227i,-0.031151066587508-0.458806420068157i,0.299897891027135-0.436518822356492i,0.473846815455485-0.140310194398880i,0.340638863499986+0.152816578480198i,0.081166828152773+0.224002725692325i,-0.090730784943774+0.139484840863358i,-0.156598848430615+0.050702589133852i
-0.436098006421401+0.000000000000000i,-0.472531199132662-0.116889814093723i,-0.403819068967201-0.205002206651016i,-0.265099335743614-0.218685951845764i,-0.144706945455412-0.151899282144005i,-0.096835846122196-0.118831766556405i,0.037599606397137-0.105967139425912i,0.052579245901692+0.096754157567569i,-0.164690162492349+0.020658161969638i,0.015656376149359-0.169606350924952i,0.128231324141493+0.037452096147499i,-0.029478724084365+0.077256063547228i,-0.042292153287218-0.009603195924194i,-0.002132129157874-0.024698838181040i,0.014892428842368-0.003445055582767i,0.001303704924389+0.007801485891345i,-0.003157077531086+0.000000000000000i,0.000395096379749-0.000894473154264i,0.000778762664207+0.000837725333505i,0.000642965281614+0.003490352063736i,-0.003215973194883+0.011147998056012i,-0.022933784576773+0.023014136560329i,-0.073808597809241+0.018866606699344i,-0.140711518384103-0.046372812727207i,-0.144848253626630-0.188150151505090i,-0.011158207390025-0.312081873569197i,0.191798222850909-0.275405400252706i,0.282053654691742-0.080880805754176i,0.185935692460219+0.106402873536274i,0.002371354848303+0.173562303145579i,-0.169696528049673+0.152008903544034i,-0.318856172222513+0.093649962602876i
-0.050567502097298+0.000000000000000i,-0.030625778020848-0.049021350615223i,0.022388060576043-0.066154045567574i,0.049807129882058-0.040000235901992i,0.051036739744817-0.037730560989000i,0.103525304333627+0.013061369487331i,-0.030801219213154+0.132806312996359i,-0.155327252386651-0.116884480574903i,0.206693714674530-0.144338059431678i,0.085744518417801+0.243487814299759i,-0.210217428964575+0.018226911954566i,0.017819531352782-0.137106933519727i,0.069759117076843+0.020040166200552i,-0.009812118565103+0.029613358937621i,-0.011713559934567-0.002550639370650i,0.000248307541120-0.004640442320130i,0.001741169283702-0.000000000000000i,-0.000018458106117+0.000588544276751i,-0.000228389669829+0.000267918568959i,-0.001416278380760+0.000779572202367i,-0.006444614013915-0.001501716951966i,-0.011983890614079-0.017331526947796i,0.007014838778249-0.053044623250411i,0.083584383665651-0.070383565628026i,0.180265189753287+0.008013965522376i,0.169573461539328+0.172546390502150i,0.006287121427295+0.263919485228969i,-0.154719776256899+0.175057358040672i,-0.161681748951402+0.020621209864394i,-0.069093659728241-0.038096390359844i,-0.014036841474965-0.002982236591690i,-0.028212234623130+0.025807710731353i
0.036304027604542+0.000000000000000i,0.082658703907142+0.027165180086899i,0.100987891799048+0.065236774434197i,0.092069949867787+0.088053144101928i,0.057575296291287+0.102863563254275i,-0.015195407775435+0.056914296363425i,0.047929772818811-0.028614521435256i,0.059620895502900+0.131901443132172i,-0.201969738661029-0.002195758406209i,0.134437621736387-0.229565632635522i,0.167930179394059+0.254713178251384i,-0.287089573470447+0.048172045199167i,0.049515474683320-0.223339958328665i,0.123038572754023+0.080210605597863i,-0.061044053042418+0.046516701021035i,-0.010297043608499-0.030925582248612i,0.011242193509092-0.000000000000000i,-0.000967989255029+0.002939266507372i,-0.000125982829689-0.000588276507296i,0.002485032154209+0.001136878433652i,0.003635958797809+0.010316359903804i,-0.013252581459675+0.031977223364404i,-0.077864805454013+0.038771687823294i,-0.170282109641682-0.042232461841340i,-0.168871283362099-0.231019113072727i,0.021895539839351-0.378602360093896i,0.276161452088373-0.302235375420879i,0.356164906799397-0.054399525073778i,0.222919993784933+0.131120182412587i,0.050323365626361+0.143894480616333i,-0.026879923788428+0.068094170575343i,-0.013424522944372+0.009633322900743i
-0.143055641893325+0.000000000000000i,-0.181511529733485-0.069190300565272i,-0.168289565717972-0.143270169228817i,-0.096569750466084-0.177061665702689i,-0.023090474165921-0.123304850784967i,-0.051569618787417-0.084022314195491i,0.044801031601468-0.167104766986483i,0.213118155419550+0.093496131435210i,-0.216557748057041+0.233769274703330i,-0.196469840683077-0.317523128544161i,0.333305278756628-0.105486950289809i,0.018634721380459+0.261822014428030i,-0.155636108595499-0.022222849756975i,0.022893337466168-0.070641147948741i,0.025198735545646+0.010739700959698i,-0.002566515147836+0.007712929021274i,-0.002426008254604+0.000000000000000i,-0.000486684065863-0.001017871599133i,0.000084097891901-0.001714991550570i,0.003735484858468-0.004839751211832i,0.018663260204668-0.003222146442967i,0.040097829342763+0.026624832115301i,0.022005149671062+0.098558139334941i,-0.092216805570531+0.149059361496964i,-0.245231277810045+0.058383566511089i,-0.255084789951177-0.159580808402777i,-0.061916805804566-0.292061007323329i,0.140578737367012-0.202829852752431i,0.169748859131372-0.021469717625011i,0.073612064700432+0.074528848245040i,-0.020860316030470+0.074037250459518i,-0.085234795611218+0.043938134641335i
-0.255682081645389+0.000000000000000i,-0.291373729274647-0.088120711472028i,-0.243906922318257-0.166694756951043i,-0.139444773229710-0.187812530615335i,-0.042070920431012-0.134751667473509i,-0.019985541624967-0.070152895449134i,0.002195608015040-0.070394155859432i,0.057028753150682-0.012777547777384i,-0.002253426058450+0.041234421857775i,-0.018313407643385-0.006027154471496i,-0.005941303239687+0.008523467314055i,-0.023667115121129-0.021881666678357i,0.029439309119060-0.022642264171044i,0.013561391708062+0.025593077455815i,-0.016172154137520+0.005399464083959i,-0.001252205344491-0.007792694136857i,0.002978046643921-0.000000000000000i,0.000088923356466+0.000986815365975i,0.000432113919216+0.000814558542317i,0.000602672595782+0.003737318035078i,-0.003520209105514+0.010505639094930i,-0.018941448429002+0.018188542450514i,-0.048258552974377+0.014150385280781i,-0.075651747541402-0.013633802468869i,-0.076746616919748-0.052137547470039i,-0.054336680800745-0.070211335881292i,-0.037050127440601-0.062663535414187i,-0.032719913150402-0.051848917575552i,-0.027301783983136-0.040041384636823i,-0.030760149689302-0.009499723380268i,-0.074538071592411+0.031778217084426i,-0.163468476180773+0.044825866109324i
-0.013219618247541+0.000000000000000i,-0.062099196008088+0.003329588303371i,-0.101506242979418-0.018035536600752i,-0.110812768118178-0.046827022269981i,-0.087696630027828-0.077680398086768i,-0.008783659410984-0.079880416674215i,0.035265555687865+0.028260607679809i,-0.120474976246250+0.065717033909828i,-0.112391679779237-0.212652696144318i,0.311283514148176-0.114446838746233i,0.057023497618037+0.378752272774191i,-0.362047432783080-0.032701670953564i,0.098008538487047-0.263340309640909i,0.141505622047256+0.105822526043275i,-0.073137585306934+0.053184169123766i,-0.011805013949413-0.035782958734486i,0.012710456751018-0.000000000000000i,-0.001474786604498+0.003079202231711i,-0.001053681389448-0.002315857933272i,0.002833794224363-0.005943841769022i,0.015889088990921-0.008537414972808i,0.040626642117435+0.005184665907442i,0.057283424204412+0.049823112031728i,0.035471222028413+0.110748091184557i,-0.027585879036957+0.148264552784054i,-0.102127265315194+0.137433603898651i,-0.154555549091905+0.079555691878868i,-0.156432180071745-0.004417951424546i,-0.101925239751697-0.070085940748180i,-0.029789010340635-0.083450138173411i,0.013689796714882-0.057665030681496i,0.016597342561798-0.024192506263998i
-0.058495549625547+0.000000000000000i,-0.065572149059674-0.037885404518398i,-0.038011760383154-0.070214906695387i,-0.007502880339838-0.073771925568168i,0.027767101110734-0.088946602014002i,0.115304699606921-0.007067732162845i,-0.069604048728333+0.128275482295506i,-0.133977704187819-0.231938227166653i,0.386758601291115-0.055134334965880i,-0.119362586030431+0.439691303799985i,-0.345450860460143-0.284450153840168i,0.331681457895546-0.163647953090943i,0.009807669819406+0.255907383975328i,-0.137843715632116-0.054382277633170i,0.050317151223806-0.050653644956640i,0.010853446402716+0.026396174806261i,-0.009530962583149+0.000000000000000i,0.000506976976373-0.002674926566584i,-0.000578751598840-0.001792294214071i,0.001227819398935-0.008659137674911i,0.017761628402686-0.019773907711829i,0.063977606865025-0.016518957976588i,0.127641235999067+0.044826114616058i,0.135766101992376+0.182978482269602i,0.012606303992571+0.315186302487246i,-0.190901584810141+0.303792000625497i,-0.307648029805728+0.132920174894008i,-0.251894150838717-0.048780605557399i,-0.113366774951828-0.111572011334826i,-0.018609579160145-0.071801112364607i,-0.001481520186377-0.013946387811807i,-0.027844822701555+0.012324662193978i
0.246788813516598+0.000000000000000i,0.276699824008350+0.052569164848017i,0.253945710203399+0.093501385175399i,0.198043072685852+0.106534856083174i,0.118257373345383+0.111838312304275i,0.020293711124859+0.045973997374230i,0.088750374643784-0.017565023092736i,0.034558040318583+0.154521010701691i,-0.195541816271487-0.051327472516727i,0.171412678329724-0.185332815990900i,0.103069813492110+0.245320950822787i,-0.232974889618831+0.000660498928830i,0.059647246249387-0.158145901356981i,0.077474377503979+0.064654440065683i,-0.041735859790056+0.026432045887505i,-0.005340522341002-0.019087217923657i,0.006656721896956-0.000000000000000i,0.000172496477609+0.002218957284680i,0.000233065496522+0.003353810965790i,-0.006714164970185+0.010932731019286i,-0.036223090141680+0.011284317325676i,-0.083308812576790-0.037518800860755i,-0.072325314316603-0.165108521276400i,0.095779412813652-0.275570845660144i,0.345503068994579-0.176878212772595i,0.405591747458905+0.129410838249901i,0.170884782330496+0.346032895220724i,-0.104209450804057+0.267932385139271i,-0.163439414587569+0.048900090570851i,-0.047759157136520-0.078941912608408i,0.085142036413728-0.085110904953108i,0.180004489069844-0.046891346242194i
-0.062123270280970+0.000000000000000i,-0.135973117526106-0.009481694999149i,-0.182665441296811-0.058558166026153i,-0.164620207085703-0.113700361332011i,-0.092404810045387-0.124975532744663i,-0.039310069150440-0.076653799899558i,-0.039394564760275-0.068706026512057i,0.052911817940347-0.078203861080526i,0.070025073173988+0.081405794290198i,-0.115814047803861+0.048965432720228i,-0.017277727828569-0.118353002529155i,0.089696969578194+0.010146509470078i,-0.020175867975091+0.050750368639908i,-0.021014703481023-0.016008240090595i,0.008148416380904-0.006034697141360i,0.001015428361493+0.002870421430881i,-0.000639767973850+0.000000000000000i,0.000264489496395+0.000149150116734i,-0.000271617509510+0.001478210295114i,-0.004886494152584+0.002706628921947i,-0.016475010326859-0.006202009288313i,-0.016389238159402-0.043471426948867i,0.046351138529225-0.091011188840064i,0.178551835535939-0.052784388521519i,0.245289424025604+0.135988340141276i,0.098934728517703+0.333905812095643i,-0.162676511372209+0.317022864947138i,-0.284324027034354+0.102040652263663i,-0.200171862714150-0.083984618096709i,-0.064096769278434-0.122785832127145i,0.001568686503608-0.077596102928674i,-0.007109605912873-0.027654276901619i
-0.489273411927574+0.000000000000000i,-0.573021589916814-0.138299869214442i,-0.516241410585447-0.268512992438856i,-0.357636159823160-0.311532779149043i,-0.188259034448176-0.276498338687009i,-0.021095171196796-0.189896456857545i,0.036393796192506+0.004378515152113i,-0.152859104337163+0.026001000692759i,-0.043350837191570-0.260183722845106i,0.334123608475183-0.009444950499054i,-0.056167881452072+0.356978245199721i,-0.305992441358002-0.114314680246253i,0.132783089249689-0.204442259406246i,0.103175882757399+0.108297861667258i,-0.065463554795241+0.037108805200453i,-0.008003115355824-0.029924237774846i,0.010384766013337-0.000000000000000i,-0.000910747137049+0.002620989580780i,-0.000673208069174-0.001299125785486i,0.002120198605372-0.003178798913702i,0.011005537034870-0.003349084703118i,0.027124799176442+0.010895818617030i,0.030478760064871+0.052643952196524i,-0.012705369031632+0.102771946118661i,-0.098481620692893+0.105279222378548i,-0.160368297789018+0.034791927434238i,-0.142920754032639-0.052707883570881i,-0.075519856090076-0.083090423755871i,-0.032236078875975-0.046136683241347i,-0.057917066488806+0.018716734704962i,-0.160283605001559+0.070733998444561i,-0.322511440566581+0.073986736249680i
0.169000778854461+0.000000000000000i,0.140244561664389+0.062290478716759i,0.075173554140541+0.090943271188871i,0.009161450610313+0.076265504704008i,-0.028403961067673+0.035434959631444i,-0.016684654145527-0.006860430893163i,0.016445366325225+0.022123746981337i,-0.071226006466830+0.040645770676805i,-0.046454972138716-0.127902895558785i,0.179868797919025-0.019032017957795i,-0.028516571731718+0.197484500663628i,-0.167035661261089-0.068099804989613i,0.078431020364510-0.107944005668814i,0.052294038187040+0.061668763096459i,-0.035869548981592+0.018062709305660i,-0.003759853272392-0.015915974499580i,0.005470155390702-0.000000000000000i,-0.000307928960800+0.001517596158470i,-0.000519165656849+0.000207410730150i,-0.002073719595581+0.000170673858541i,-0.006563081387178-0.005939903274724i,-0.001330726936009-0.029803788973337i,0.053121641550457-0.061060712324526i,0.176111548409274-0.020026984921379i,0.256367179295132+0.181443310745553i,0.104554417797913+0.438850584539190i,-0.244233554026603+0.465804513258481i,-0.465326609967764+0.179611896504991i,-0.362896772592592-0.141382397604573i,-0.104853718687744-0.245036371179488i,0.079646994479679-0.175968380885115i,0.153782660981314-0.078621899758578i
-0.360894099378884+0.000000000000000i,-0.416273047462602-0.130276365740827i,-0.361103383714785-0.254245383551910i,-0.214388972010755-0.295803707632180i,-0.076312763259446-0.225085842226707i,-0.023429847470856-0.149712400936672i,0.058783152983975-0.094930565884336i,0.036190565871548+0.052193788688338i,-0.080685460979265-0.026102716216591i,0.071624375327725-0.065457989220936i,0.017289456392256+0.086839407978405i,-0.066371543591932-0.022081107139984i,0.031957718737517-0.032829013398329i,0.009720015841768+0.021902921291652i,-0.009678426615154+0.001123555420318i,0.000207231765174-0.003017034923489i,0.000832223225538-0.000000000000000i,0.000507549606470+0.000449180192058i,0.000973687820795+0.002032183093928i,-0.000529767082710+0.008145230117618i,-0.013992333625293+0.020524457170401i,-0.057195911485778+0.026774264756359i,-0.133800941914110-0.013597001970663i,-0.190947666640793-0.145082100566404i,-0.125532200540240-0.334451242976082i,0.096431953587406-0.432397343261038i,0.332173936099574-0.311611799804355i,0.383672985782767-0.049174175262604i,0.232424743050330+0.146888491924918i,0.029547376929278+0.186547072490281i,-0.123562472296756+0.143442225024147i,-0.246875271978697+0.086190148188753i
-0.293724707588173+0.000000000000000i,-0.358956782218355-0.103580457367082i,-0.328329475553087-0.209147911368034i,-0.215383853147576-0.255197751346663i,-0.076174607936993-0.208213009227649i,-0.030641593680358-0.084227266638086i,-0.087014917509811-0.120015203506490i,0.169924360149836-0.179287193778900i,0.189088382636234+0.301099085416564i,-0.441786483359432+0.131220045793211i,-0.015019845944307-0.490315447368308i,0.415115652793973+0.097534625891536i,-0.144663412179925+0.267473119434841i,-0.128693084092988-0.123040209520841i,0.073450737075684-0.043955292314750i,0.008989687905443+0.032577699707484i,-0.011086620373128+0.000000000000000i,0.000171999016907-0.003257782299614i,-0.000353829917998-0.002827646168082i,0.004103546297564-0.010744313821258i,0.028450915782914-0.017723967761999i,0.078705196460805+0.006854536984862i,0.113363644197144+0.101065149915142i,0.048366335775463+0.233063620644393i,-0.126453222641935+0.276387792561526i,-0.275008031939393+0.155431443925124i,-0.265291380504562-0.026997655562132i,-0.139569427531968-0.114970956948805i,-0.035002501118613-0.083864362505585i,-0.018060750669921-0.011771326839469i,-0.075244430067477+0.040750544944624i,-0.179183952010455+0.050103144034661i
0.187702968056841+0.000000000000000i,0.233494057972404+0.001813514803248i,0.250903410708712+0.017040980502218i,0.222342892808939+0.040956190995151i,0.161207088505433+0.048794113535984i,0.110870700718221+0.055611357941681i,0.023172976028561+0.077089936620579i,-0.058778350531871-0.025124107308315i,0.082323320442164-0.091719386352279i,0.111958131365193+0.115919865349475i,-0.131132489179321+0.105612520211764i,-0.082152410706284-0.123984172842350i,0.097592676208297-0.052268174516547i,0.026205228004626+0.063834592543216i,-0.034479376663198+0.009689516739564i,-0.002205943656317-0.015237755895500i,0.005465008182490-0.000000000000000i,-0.000203109349991+0.001583762434043i,-0.000151425510734+0.000066476613136i,0.000389848971796+0.001241715664935i,-0.001800134911518+0.004787552623130i,-0.012962401031402+0.008116131376559i,-0.036429257774292-0.003692702178954i,-0.050914237259999-0.048917551896528i,-0.015550463974306-0.109053768724497i,0.069119042418084-0.121463116894976i,0.133563367443059-0.057664910308310i,0.124102711410935+0.024419485383430i,0.075429918065400+0.056347042859005i,0.054109407475915+0.040046641578142i,0.079811373429443+0.016479482672932i,0.131599341535743+0.004638988181032i
0.292995174253292+0.000000000000000i,0.308632679867683+0.101323363212502i,0.246060398294522+0.176676935894255i,0.140037213998246+0.185542620996398i,0.052466189403908+0.136070826007559i,0.009237630375398+0.083371008860701i,-0.030027352189624+0.035650685380400i,0.003050145822692-0.041326567725204i,0.078908463156002+0.045911088333290i,-0.097719415829955+0.089884294190847i,-0.061777973988123-0.140859562762050i,0.145139415663325-0.011798981857827i,-0.027724125260258+0.108763183928723i,-0.058940162384099-0.038604189655823i,0.028455791161102-0.022124229711698i,0.004894159488445+0.014201770661686i,-0.004971515020000+0.000000000000000i,0.000992152468739-0.000810536937682i,0.000256763743216+0.003532501519087i,-0.008731025691159+0.008673772917576i,-0.037213646487757-0.000349738114221i,-0.064972215259721-0.067501606765389i,0.006146387100002-0.195769274527731i,0.251394232365625-0.229766779294075i,0.492296163188503+0.028638551277788i,0.390369912351375+0.448603269954209i,-0.046463263535656+0.594609220569592i,-0.380781473139750+0.317754756056367i,-0.340576198991005-0.047116976421299i,-0.100199780358100-0.196647310810621i,0.098796752727029-0.165459828723529i,0.217908382554033-0.088557038927772i
-0.119240576406741+0.000000000000000i,-0.089877960091172-0.019243521898228i,-0.043371991421185-0.004600622396152i,-0.022260361234858+0.025015416688447i,-0.009740600859972+0.026854965772570i,0.003018914322828+0.063551737362282i,-0.098592783193424+0.033064084905654i,0.022046991276269-0.133210265524080i,0.153426280673015+0.122728573546551i,-0.202695523904397+0.108744761450406i,-0.020364669630972-0.212183616628440i,0.152436646562062+0.046152927415271i,-0.058975434843607+0.074614950036671i,-0.023226691447154-0.038171243018119i,0.015689190843370-0.003565745788047i,-0.000103858756932+0.004197549704115i,-0.000673087298521+0.000000000000000i,0.000066890810007+0.000007194179891i,0.000589676052181+0.000745291460372i,0.000343794124933+0.003832017256525i,-0.005543048307320+0.010959631046644i,-0.027844223734097+0.016083411791601i,-0.068322763380881-0.005182156120599i,-0.091200051957424-0.075485693540335i,-0.041105954122091-0.160259292458586i,0.070545386924151-0.172683182001160i,0.145936744093933-0.085620843396835i,0.122535598979006+0.019586930409093i,0.045449091708824+0.066226742866998i,-0.021360403853969+0.064712232834705i,-0.069861634554684+0.051754506674236i,-0.108087062090979+0.030972071379209i
-0.066406277999550+0.000000000000000i,-0.065793806493183-0.023756467533243i,-0.048797504742218-0.039667666947346i,-0.029638267704866-0.044817254731769i,0.011421809205581-0.051005801720967i,0.041697910810532+0.039148506981768i,-0.139740020382964+0.021534957604289i,0.052312581288113-0.269974150084630i,0.353625895958214+0.206262918535945i,-0.377413365410807+0.319340211359420i,-0.174968193201072-0.454662889865672i,0.391040265756069-0.014792754940640i,-0.072903862147237+0.245941344566004i,-0.112526617080697-0.078901935468601i,0.048399240782197-0.035885147615791i,0.006767689425581+0.020555054240922i,-0.006420278043026+0.000000000000000i,0.000270033174560-0.001646316128582i,0.000081867511085-0.001109339439848i,0.002793820968691-0.004064733246854i,0.015301543878805-0.003514561310680i,0.035349848746087+0.020396316912952i,0.024949915536983+0.083887072699937i,-0.071527262611543+0.137477842657682i,-0.215919936678628+0.069439274039408i,-0.243588993942559-0.126877322394531i,-0.078072960268793-0.264045079317269i,0.115362807595413-0.197008416954479i,0.153397673549808-0.030087520834676i,0.067116870222807+0.062524795466450i,-0.016119190076364+0.058399720875433i,-0.053321258365693+0.026475078634750i
0.080446295266892+0.000000000000000i,0.096409946433745+0.000218610822019i,0.103589433971242+0.014773634545280i,0.079985803289981+0.034065354000019i,0.049528694805728+0.029398493614607i,0.034170928584802+0.049487134153047i,-0.060578852698785+0.031831657038745i,0.018493939374299-0.113255290626711i,0.155886237060006+0.110379130548937i,-0.216105772473067+0.138034053785708i,-0.058200677030539-0.275290264983711i,0.251314187112335+0.032498592365884i,-0.080481657895982+0.168729992883581i,-0.082959826071540-0.076480263024920i,0.047790254805164-0.028644603953237i,0.005906569267957+0.021719363875479i,-0.007386492530047+0.000000000000000i,0.000718973862586-0.001697441392773i,0.000106430048490+0.001707482833963i,-0.005196655973973+0.003042160348404i,-0.018529660222685-0.005945796988901i,-0.022745977925661-0.047686504635665i,0.040964102556791-0.111305711620222i,0.199024693476085-0.092567383446713i,0.315873704023959+0.110024655241388i,0.191962402840015+0.372901411179414i,-0.117598045751773+0.415650176886128i,-0.309367326230820+0.189934317466868i,-0.239359189486579-0.049602019995100i,-0.063592166855566-0.113929690492535i,0.043963485663187-0.060075531353455i,0.071637232334704-0.010542565991420i
0.390082540027836+0.000000000000000i,0.416214901166401+0.122399309102407i,0.334777046245387+0.222073839805130i,0.185466659858940+0.241338911777406i,0.056552984196136+0.171969565036302i,0.015530732802744+0.093420676043664i,-0.014602894178657+0.079551422117192i,-0.086182610778682+0.014000097766606i,-0.010364928488841-0.118694504928026i,0.171037444932851+0.001447587810055i,-0.028684036241294+0.208912368164689i,-0.202425632790503-0.065983572672804i,0.088342776826361-0.150149322656219i,0.082430625445013+0.080422114715540i,-0.052716404828477+0.031658955409210i,-0.007182870700903-0.025553507120577i,0.009224976192604-0.000000000000000i,-0.000947903970160+0.002376626189961i,-0.000995267389512-0.001384628677879i,0.000545028293388-0.004234876387856i,0.007363378528384-0.010235268516036i,0.029217856204033-0.014222857974846i,0.072043279603967+0.003054866652195i,0.116640098929210+0.072529582889015i,0.100491279536185+0.197717443328366i,-0.032086193966240+0.297464286354195i,-0.219140572652572+0.250631997507511i,-0.296992812121309+0.059449602045577i,-0.195079770746580-0.121801413901881i,-0.010434522801366-0.181426164977467i,0.153608249391774-0.152182832170566i,0.287009542012980-0.092047356618959i
0.156579011871604+0.000000000000000i,0.145432800815693+0.009195520705801i,0.111966617850376-0.004825520339696i,0.080728056288714-0.025262628226231i,0.059824457852845-0.043012287556647i,0.070636120068471-0.038107213867084i,0.060422674539106+0.026979101478464i,-0.040365352155188+0.048665124373484i,-0.069102877196724-0.083765835239576i,0.124295987065946-0.089810502796456i,0.077870906877637+0.153077970723541i,-0.151501236126128+0.036840808128142i,0.005157399679692-0.114237957687024i,0.063119688872529+0.024530745491145i,-0.021817754645175+0.024149524662055i,-0.005397119758947-0.011608515510623i,0.004164176759917-0.000000000000000i,-0.000492864350283+0.000969195616761i,0.000257063235285-0.000325466577057i,0.002055634257303+0.001208663582882i,0.002511019086363+0.009150202201064i,-0.013261409298653+0.026487037135745i,-0.067728361849401+0.027715002972056i,-0.137479156429303-0.045482314138171i,-0.121369435349064-0.196969488739352i,0.041284082260714-0.297347693621259i,0.231761345434480-0.217834785343113i,0.275147178536316-0.028060054288133i,0.174712936981330+0.089167720775793i,0.078781443157801+0.074751417113350i,0.073755785053833+0.014110058392450i,0.123327788115684-0.011667792089479i
0.109953380529633+0.000000000000000i,0.145504164228093+0.062760622251257i,0.131821467333324+0.130441478304347i,0.068563874751565+0.161650062577229i,-0.004612040693966+0.115047923962411i,0.020045257082134+0.041211864947867i,0.034034078550091+0.121061526158595i,-0.172768884266924+0.071413857256532i,-0.046059736787564-0.227908493105828i,0.256700419598405+0.004097544097837i,-0.050090962726382+0.227466725375764i,-0.156373924871244-0.069921924216627i,0.060255051775257-0.082531918146835i,0.032623790996079+0.036946259802703i,-0.016783622543267+0.009129607348956i,-0.001536026438499-0.005679155246626i,0.001251427233937-0.000000000000000i,-0.000788076262814-0.000345432239541i,-0.000722635264402-0.003991689187338i,0.007166996043995-0.012376292231590i,0.038922933058497-0.014091225652884i,0.091725536250906+0.033669607300810i,0.093272299706196+0.163184419356797i,-0.053093769420490+0.289582313790826i,-0.289740924424850+0.237996059085369i,-0.387380512167762-0.006124060659052i,-0.243125554368884-0.213697124484978i,-0.031520935086420-0.215281537177668i,0.059897407076672-0.100440783620189i,0.045081069305786-0.025046812940394i,0.028317005145395-0.018500725146971i,0.056305031232761-0.025512884895781i
0.119162181946367+0.000000000000000i,0.147856836568290+0.090221205530598i,0.112765558607317+0.166239636419919i,0.047925636728747+0.180930894567429i,-0.014966861362648+0.148565392761423i,-0.055032902354434+0.048898595071598i,0.057622417207793-0.006940115685282i,0.005404182253353+0.174941509477001i,-0.252494000226591-0.059376594681217i,0.175310285063781-0.268320281088100i,0.198830355479456+0.262432832772930i,-0.263705862890330+0.082467864849396i,0.009480748727324-0.189718760855835i,0.098267753824712+0.043002929563088i,-0.035285290502619+0.035225841844856i,-0.007423277688685-0.017628984454673i,0.006071127567363-0.000000000000000i,-0.000669254680761+0.001457830084559i,-0.000344562706400-0.000416349882000i,0.000145404206372-0.000859055919064i,0.002241443925830-0.001897866782679i,0.008189552069456+0.000967248791980i,0.010422063078662+0.015861520152210i,-0.011797050523830+0.034800688059606i,-0.057664111966995+0.019317663249401i,-0.071790447281608-0.047201433894457i,-0.012492300960243-0.100863137803055i,0.061475742823033-0.074802672021227i,0.067223932906694-0.009712601092396i,0.022421988416220+0.009223417480983i,0.006837934345618-0.023293639097822i,0.052037521986286-0.042505342635838i
0.037890886178055+0.000000000000000i,0.019232158769214+0.049752587662765i,-0.027360871378619+0.085445296443429i,-0.071214692174800+0.083745270929135i,-0.100025952193804+0.063480133856035i,-0.103484742881443-0.014241095231004i,0.025999025854427-0.028400320261659i,-0.045122525840180+0.116041334603754i,-0.151992502285273-0.121969434567870i,0.201265708731955-0.102403778914327i,0.011337673703023+0.223665785992348i,-0.172563082439022-0.058629445659967i,0.074708789059454-0.093901536149582i,0.035483886569300+0.052990408051408i,-0.025857683147944+0.008741790595705i,-0.001144059469289-0.009365509744936i,0.002703669496450-0.000000000000000i,0.000055977982038+0.000766965468296i,-0.000422344754940+0.000538133483609i,-0.002476726155097+0.000157901237860i,-0.005768502780185-0.006912469758670i,0.004947320792966-0.027032244174947i,0.057877788281049-0.037190020893203i,0.137091086405266+0.028514692797742i,0.134554342064835+0.188153682628588i,-0.031056542880684+0.308902851042079i,-0.244055723683541+0.235884816313780i,-0.303011938410294+0.024688055131243i,-0.188258797564168-0.126147328662272i,-0.048990320270856-0.137916875199354i,0.019121490113541-0.086497916052649i,0.036345077183612-0.041195845302082i
0.382876903448464+0.000000000000000i,0.464082467957041+0.120773681044187i,0.427423913211161+0.238386386562509i,0.291462931579963+0.281287400473018i,0.150313008777361+0.217235238172068i,0.090238157458699+0.155066221770111i,-0.022447174289626+0.130527799787482i,-0.068221130306450-0.036465645223414i,0.079634142121411-0.047128747031326i,0.043559526263659+0.072495599463315i,-0.044746175292023+0.050275209437273i,-0.062191891027023-0.030082035588077i,0.031229476887800-0.059858587086795i,0.039997684913310+0.032206243024747i,-0.024486242389077+0.017638884356886i,-0.004393819250836-0.013215881089646i,0.005151757646674-0.000000000000000i,-0.000318595439403+0.001582508669019i,-0.000215144216434+0.000790294812766i,-0.002092274816382+0.002735471056674i,-0.009536351306398+0.002172093434835i,-0.020039298776751-0.008811452067948i,-0.022345302864514-0.032606852913444i,-0.010094755860352-0.059071884040071i,0.011764078779054-0.083883548092919i,0.052523378540021-0.107438777833701i,0.119441999485490-0.097903076124509i,0.163374734371140-0.028945425328382i,0.135375583261147+0.042347425840066i,0.086585358466993+0.038747705107782i,0.112810397834971-0.021961739357943i,0.234516767380072-0.053540736984301i
-0.215853287195013+0.000000000000000i,-0.211119190372948-0.053211145656074i,-0.150833440822856-0.078050430117776i,-0.087620071569756-0.064581932884641i,-0.028819284257219-0.060562066499674i,0.047898767840042+0.020415066181657i,-0.119382568730311+0.090346748435841i,-0.077769943024428-0.259630170780092i,0.408733899381421+0.041736062712548i,-0.239904216548428+0.458156737505422i,-0.349432019275267-0.406785677851097i,0.434381724854378-0.149328162926547i,-0.015388733856574+0.324552887195842i,-0.172745699319134-0.078482695276818i,0.066018147644529-0.063284414802712i,0.013593254983738+0.033733495610399i,-0.011881975515526+0.000000000000000i,0.001423273174032-0.002814208699338i,0.000714883448147+0.001707626800941i,-0.002426835819862+0.003791034369659i,-0.012368733660442+0.003702095935602i,-0.028078261869458-0.013462634168440i,-0.022149995554327-0.057600516457291i,0.040279810128730-0.092556219527532i,0.128449427118784-0.048136928076630i,0.139593761256924+0.070661427627675i,0.038472146774593+0.147499907840839i,-0.071508690200466+0.109660327106623i,-0.097843110724241+0.030824989269539i,-0.079713834232980+0.006491534978935i,-0.098461994518071+0.029496396394904i,-0.162233314582174+0.036535761556539i
0.218994442141529+0.000000000000000i,0.213022288967560+0.081575617060430i,0.138686754527907+0.140841283968646i,0.039741786183891+0.141949278648474i,-0.036425859431239+0.098377239556726i,-0.060044821222004+0.014606487298924i,0.031393812074230-0.004663453110822i,-0.041970941007953+0.129416425115640i,-0.204776309560860-0.121008795983788i,0.241066576603749-0.210403446135905i,0.134647586683625+0.332882853569282i,-0.329799798314816+0.018970355865071i,0.065689278575595-0.239233737492955i,0.126255395406423+0.085154807201664i,-0.060755007989437+0.046376553799861i,-0.010061045514212-0.029695596761095i,0.010424633963322-0.000000000000000i,-0.001316680664780+0.002431673787572i,-0.001116281089705-0.002505758281920i,0.002951266784433-0.007631126743754i,0.020501711596508-0.013305412392527i,0.060734093620440+0.003052539051369i,0.097864342901400+0.077218430383962i,0.061366055578123+0.201815288984427i,-0.087524757184289+0.281951722830311i,-0.265193760128305+0.216820965068015i,-0.328568441864832+0.036377434973429i,-0.239107849865627-0.120573495655438i,-0.089446164538052-0.168018964780903i,0.027889896358867-0.139111556329750i,0.104590899899533-0.099001315971153i,0.169997891110995-0.060579179845366i
-0.627357356984285+0.000000000000000i,-0.736305589069554-0.205632525220932i,-0.650278031201897-0.394850882830917i,-0.424132605665677-0.452141062265907i,-0.197727179355392-0.366555736479377i,-0.050938910638414-0.237260360413884i,0.035824899364656-0.097977586413940i,-0.013487551506240+0.013142482901880i,-0.049399567141778-0.064501008610404i,0.079276197067744-0.042558832448469i,0.014089461489433+0.075475225139232i,-0.052447733296817-0.006868573651454i,0.011846864256181-0.025222511284539i,0.007763653926317+0.007278568220284i,-0.002224732303187+0.001165376797076i,0.000050874541974-0.000039540527134i,-0.000279578377049+0.000000000000000i,0.000007754719463-0.000096526698733i,-0.000461992580636+0.000044743192877i,-0.002134575793334-0.001703383706256i,-0.002047740349291-0.010732810409274i,0.016556074788197-0.029401484595049i,0.077076772987823-0.029011456776828i,0.152038792926877+0.052806682963974i,0.131986205071163+0.216920643203252i,-0.044531477763734+0.322266490200603i,-0.246460466096303+0.234768184886608i,-0.289445853465326+0.036149751940484i,-0.186554203893985-0.073068267472279i,-0.113050446407351-0.027084430741375i,-0.189587155993278+0.074298027263576i,-0.398484575834587+0.104308940141427i
-0.314654472159007+0.000000000000000i,-0.374537124004742-0.116287373573442i,-0.335820985473342-0.223180834315351i,-0.224106031054636-0.257535788859580i,-0.104567324739268-0.217581728535968i,-0.019933580679811-0.134608870204584i,0.006074079110950-0.062904483855028i,0.028360393942218-0.013366190253744i,-0.029032786010353+0.047071767910810i,-0.076185807996623-0.072240735517402i,0.103490662702028-0.076177901758490i,0.052267200943409+0.107728473756632i,-0.084144953103005+0.025062675909786i,-0.008154066407516-0.050790015008886i,0.024498302827768-0.001696317845706i,0.000214662991378+0.009792332099039i,-0.003279626598008+0.000000000000000i,0.000363668756814-0.000761777891049i,0.000849868108491+0.001643042310067i,-0.001391564208756+0.005725739677195i,-0.011622916149401+0.011103229417068i,-0.035384748315507+0.008019735213932i,-0.065371373835520-0.019000614692451i,-0.078757024099985-0.074317322634605i,-0.051833732458584-0.139599287843980i,0.021141473613941-0.176623914655451i,0.108377774253054-0.145954410865525i,0.146543158776396-0.051873145555333i,0.103700296147354+0.043650831245817i,0.013195783469977+0.090402077762555i,-0.088181380184404+0.095288129722059i,-0.201118064773377+0.070753165605938i
-0.256705193737684+0.000000000000000i,-0.266527709085240-0.085953604891050i,-0.199625673569598-0.133025975305770i,-0.122585559208054-0.117940847513232i,-0.059623721391113-0.100542354547217i,0.027846363003055-0.027591589708523i,-0.074104665448259+0.072923902805350i,-0.101156574474512-0.157364636357005i,0.237801792306026-0.036328084012337i,-0.084280764445220+0.264783345280594i,-0.198850281259189-0.186658479993700i,0.210400815939239-0.083028771143661i,-0.008198690063923+0.158405702246636i,-0.083588060451587-0.041355467591427i,0.034151919087883-0.030190408565992i,0.006390726135344+0.017254945254635i,-0.006085648400085+0.000000000000000i,0.000632201665939-0.001486198712587i,0.000227847289353+0.000656224914271i,-0.001389853249777+0.000670371136887i,-0.003918838346912-0.002686581830402i,0.000409931816702-0.014404179237618i,0.030824863486958-0.023103267908119i,0.084126565761858+0.014423858115936i,0.092260573791872+0.122404350442266i,-0.015773467075759+0.221613341218345i,-0.178974111797521+0.188792843063860i,-0.242172629629540+0.039074856456199i,-0.165847456916919-0.072154685265326i,-0.073737235197433-0.055889055648343i,-0.079196526934285+0.021308858498682i,-0.170146660221437+0.051606441963656i
-0.152972062695359+0.000000000000000i,-0.150544069624829-0.042864001259214i,-0.109434329278562-0.060734225825024i,-0.058407907723003-0.048955265077400i,-0.025238473881581-0.006074148701764i,-0.061565934371089+0.009609263000060i,-0.029704840980335-0.083737144202642i,0.124483324904497-0.000688102505944i,-0.038233249163999+0.169572904356931i,-0.179672962184153-0.072734154950829i,0.092440126934753-0.151836311083464i,0.104387601506828+0.088946844800685i,-0.067676371783666+0.058059316873756i,-0.025469070934294-0.041624246410223i,0.020820228702066-0.008301267113658i,0.001679062825254+0.008433468426027i,-0.002738485623364+0.000000000000000i,0.000107027038589-0.000611499876649i,-0.000708386021349+0.000352708981798i,-0.004401961097052-0.001883376319594i,-0.008064421741150-0.016753438059637i,0.013991437227344-0.053801035823491i,0.106653047488592-0.075825574652247i,0.244817575450730+0.019035160519002i,0.265352645772059+0.258039337652582i,0.048197928949942+0.447881791247321i,-0.244191753011637+0.371272901805702i,-0.338832151446261+0.109045714999624i,-0.217169080714590-0.071938945510597i,-0.080145219571069-0.073410230110657i,-0.053949745872185-0.003186062370357i,-0.105773923003467+0.027260602272719i
0.058446396809673+0.000000000000000i,0.069966509421361+0.000068334378552i,0.075161394437259+0.008624286580170i,0.057385962570946+0.021153100179719i,0.036065973912741+0.004656972335299i,0.066450536193775+0.025617662376184i,-0.042253803558294+0.107967631562761i,-0.142113436635365-0.125766174851024i,0.236518331005800-0.143416064196180i,0.085934922954075+0.311897740426545i,-0.303485958092871-0.000751653673331i,0.060214997771273-0.219301621643168i,0.116323606808318+0.067321213625976i,-0.042392789406506+0.044094342367096i,-0.011518529624952-0.016800176289701i,0.003708538656624-0.002210461515699i,0.000631274534817+0.000000000000000i,0.000370427334409+0.000348017339786i,0.000120412700055+0.000213573910853i,0.000998163696116+0.000646742742464i,0.002607270255314+0.003613856964893i,0.002675965781788+0.012705869425798i,-0.007073652079257+0.029519161191041i,-0.036140185827244+0.044429775989405i,-0.079465419284112+0.038186881680649i,-0.112092971144266+0.002252673480514i,-0.109611537730103-0.046485676117143i,-0.071201085837461-0.078752776383405i,-0.018912012949616-0.077759768813332i,0.022030057731469-0.050704455606783i,0.042121255634143-0.019817146873031i,0.049989287326623-0.002704714448278i
0.023685944670864+0.000000000000000i,0.020420753060331-0.013225112387472i,0.026044635059249-0.019907091826941i,0.027090088724693-0.013292945817653i,0.014937403958098-0.003455315766655i,0.006351488869111-0.012131828560243i,0.032659617898139+0.004407792822504i,-0.026049182500031+0.059311575516643i,-0.084114697041657-0.070009380191572i,0.123732727876679-0.082331089392286i,0.046898388193934+0.158344077958171i,-0.150033234287471-0.002142731436280i,0.035038539039263-0.105758239021965i,0.054718787961030+0.039800623596995i,-0.027162504424003+0.019817778572391i,-0.004265791591340-0.012978252160789i,0.004413627247271-0.000000000000000i,-0.000946775365171+0.000727722237663i,-0.000959694149118-0.003276183408305i,0.004859623053570-0.010710007049875i,0.030903224729257-0.016894697417387i,0.086241120034210+0.011548675354076i,0.129393841166900+0.120877510989490i,0.064648633545867+0.290671019801131i,-0.147325267531596+0.388562467415092i,-0.386094048819396+0.291321232080631i,-0.469279964817449+0.047430402443336i,-0.349837162821561-0.163179629468441i,-0.146490760929517-0.219793161162414i,0.001484831599336-0.150823219750920i,0.050850298251081-0.057044645126094i,0.041204284448705-0.005335439799546i
0.416043811651355+0.000000000000000i,0.446952352555995+0.152952531820008i,0.356121332283507+0.268352902808392i,0.199116694674334+0.281392438366193i,0.072500684998038+0.201067873743494i,0.021738713596963+0.125369689078711i,-0.049317453939880+0.069446150392888i,-0.013629783814099-0.074371424030903i,0.138908215723175+0.053741234393774i,-0.138948488934815+0.156103026567665i,-0.107622374472150-0.210468757409908i,0.219138542506176-0.024792357675278i,-0.039367692675246+0.163745216303011i,-0.088084663123695-0.057296524785386i,0.042324592143522-0.032786710230146i,0.007188261332504+0.021060767604032i,-0.007431018727845+0.000000000000000i,0.001162538063708-0.001569517833758i,0.000872749213290+0.003041434564491i,-0.005125581070390+0.008682327606163i,-0.027729068090271+0.009193825495297i,-0.063881156313509-0.028216440046844i,-0.053100078441343-0.126351310886780i,0.083288733506438-0.205732401175634i,0.278385931170047-0.109325071772698i,0.302719791623204+0.152751739896020i,0.076546151238827+0.317317897762638i,-0.163703204451603+0.210953882706897i,-0.189358495029095-0.016150378319932i,-0.044386230723549-0.151313429070603i,0.131348907522003-0.166614162150842i,0.291252774227078-0.113462622367577i
0.065259873928290+0.000000000000000i,0.086800515711772+0.020126036663929i,0.088675880058827+0.041979705661136i,0.061116876909124+0.055921477627590i,0.027319626461745+0.013986343937155i,0.103875858883188+0.006258035648690i,0.012446708934581+0.187441100557000i,-0.271235177464602-0.067021097462633i,0.204434629619132-0.326925501843736i,0.285125129839383+0.322217895816711i,-0.349908346429109+0.159960430294345i,-0.034435485373352-0.274051275282251i,0.154399024999680+0.028920405185091i,-0.033355372150041+0.060418151051110i,-0.014770360394071-0.016548640230673i,0.004165389597502-0.001399184143372i,-0.000297580370542+0.000000000000000i,0.000337023444810-0.000046951759141i,-0.000449829515406-0.000040199509332i,-0.001145528741317-0.001600786092338i,-0.000493725418813-0.006415825598360i,0.007860499730369-0.014585475183556i,0.028705175857109-0.015356437396076i,0.047439044941786+0.003987191161357i,0.040239027204493+0.027422806370540i,0.021022074456760+0.021419799845955i,0.030098402228416-0.001425462169277i,0.057092031229247+0.005313598765296i,0.053963592235350+0.035463953421651i,0.023219883587759+0.041458759432416i,0.010260635998985+0.016873651182754i,0.031589579391877-0.003859673733782i
-0.140011441586795+0.000000000000000i,-0.113598034506362+0.015562200353550i,-0.081957011165931+0.057957922360376i,-0.074347949200915+0.093100414730413i,-0.080284224699976+0.081011963465192i,-0.049343780659059+0.045071926885646i,-0.042158002060694+0.061485366002168i,-0.092454176811636-0.021009740146401i,0.065040003960403-0.082642620789644i,0.049710421434451+0.118341447982458i,-0.128252168330937-0.007535639973362i,0.054973276394086-0.089796465717375i,0.035091213538457+0.063885682760299i,-0.042939375374650-0.001264689546405i,0.011449520633414-0.018280525923856i,0.004359773777046+0.008075412125462i,-0.003281660609740+0.000000000000000i,0.000423126930142-0.000876354459561i,0.000079752117304+0.000125237354705i,-0.000238035274689-0.000314080637896i,-0.000288180498028-0.001518790757250i,0.001601883227560-0.005191056226923i,0.011967368681772-0.009837008216287i,0.035206997494019-0.001787968204239i,0.052378140565665+0.037206772767841i,0.024843185034752+0.091185639867059i,-0.047177918426961+0.103454468866875i,-0.101731802910124+0.052512119068248i,-0.099147780292254-0.005332975014125i,-0.079864362293023-0.016606341762606i,-0.094285958778249+0.000718722181923i,-0.129631005100379+0.005600828610731i
0.248977749683493+0.000000000000000i,0.319009703506533+0.067678530854192i,0.324468436936681+0.151341604197578i,0.243861331290891+0.203672114842088i,0.130113962268138+0.170793266135361i,0.087178914438889+0.113148970754926i,0.023874684731253+0.132433162964876i,-0.108620758630410+0.039707297747416i,-0.016851354400154-0.136627891484745i,0.176836747639040-0.009084970651946i,-0.005217480095509+0.195410822065910i,-0.179319479396742-0.032318308859295i,0.053586862574146-0.130091526977211i,0.070846780968872+0.053483915115220i,-0.036625631967673+0.027099674777311i,-0.006120610028435-0.018004664696837i,0.006384133813135-0.000000000000000i,-0.000947337170332+0.001446649836408i,-0.000951762688161-0.001927942815139i,0.001345195480411-0.006038864447430i,0.011948508242404-0.012569713981034i,0.039164451912311-0.011793038109339i,0.080246456496400+0.016142823905667i,0.110196571684591+0.088544924749453i,0.083140011614671+0.194579800695389i,-0.032188475788986+0.269445424576946i,-0.184590027880099+0.226764895951201i,-0.249458950534809+0.071161656844500i,-0.171335458618345-0.073529849726127i,-0.031607130435719-0.113473970354804i,0.079413192903434-0.081095266250742i,0.162847225245735-0.041706658413206i
0.089143575223967+0.000000000000000i,0.070389077220007+0.044325200901382i,0.012370636720142+0.061360062663942i,-0.037606064027154+0.039258200788144i,-0.050483126603575+0.000987544549068i,-0.023965772934125-0.015917033529836i,-0.024209896058966+0.003702944975059i,-0.025668628129696-0.048727820299919i,0.083963260040407-0.000200077169925i,-0.064492508749829+0.112094908944899i,-0.094783195137312-0.134328782320954i,0.163747235264544-0.035631794939721i,-0.022550607465396+0.135838483639176i,-0.078826481951307-0.045976073109853i,0.037684361595376-0.031064939405088i,0.007110253872948+0.019905556137545i,-0.007347672259078+0.000000000000000i,0.000962218852300-0.001775068204005i,0.000670383843885+0.001644879033514i,-0.001927840317568+0.004160875843576i,-0.010119056878338+0.006359652593685i,-0.025953085837977+0.001532653532056i,-0.046444458964331-0.016200549994457i,-0.069574322889604-0.054811598557117i,-0.075072949009300-0.132714031272065i,-0.003925635849858-0.229762771894646i,0.152234504127715-0.240883915418778i,0.263770122975358-0.106209294014471i,0.217587543390831+0.053741947890848i,0.091933450007202+0.091508838158742i,0.031459375174294+0.029007926054078i,0.056814397730990-0.017856088654868i
-0.441627448817906+0.000000000000000i,-0.475465249949906-0.117935069489670i,-0.388179548996626-0.202136851590982i,-0.245898034409150-0.204687671490388i,-0.123783041561060-0.160416392954778i,-0.015929884591115-0.098396886307882i,0.009618361576477+0.025169703824060i,-0.119933067696468+0.005760183759940i,0.001302236470665-0.187204645231394i,0.232639652932435+0.040238145798443i,-0.086958859919620+0.238580099902706i,-0.196009732419499-0.115530628651700i,0.111882886633922-0.126291155260430i,0.062009543492694+0.082538800524771i,-0.047128226931872+0.021906831353588i,-0.004684850802254-0.020961695719873i,0.007270635395476-0.000000000000000i,-0.000504263966949+0.001994246698527i,-0.000936750576500-0.000230896368039i,-0.002158499389331-0.001835478463059i,-0.002759514394831-0.010949813795340i,0.014137896747548-0.031976022524580i,0.075876998525039-0.039840692606439i,0.165516205280419+0.032069126018809i,0.173375258490773+0.204825085062437i,0.008681595853800+0.347625700136347i,-0.222939795308553+0.294275325171599i,-0.311284216273586+0.087437170950600i,-0.223992236533711-0.060891722476155i,-0.129958350212022-0.047785186026189i,-0.164305985331027+0.037472701290455i,-0.305363199665976+0.067636192919398i
0.304497477624020+0.000000000000000i,0.303454507244045+0.124177191650245i,0.203507993679933+0.206169979390089i,0.062838795617175+0.198672539382144i,-0.020670794931144+0.088815741072361i,0.051038542699556+0.049456006268767i,-0.070005584783940+0.169654616789881i,-0.228937503797592-0.157549744373511i,0.293526561403556-0.214855344013222i,0.116617228163356+0.382649868326828i,-0.357056634654975-0.015034847008676i,0.098827074347389-0.238032335468854i,0.107380432741773+0.103673242734634i,-0.063691075855433+0.026108447922433i,0.002520543345653-0.025015205612405i,0.005543553246740+0.005019527247743i,-0.002075856593424+0.000000000000000i,0.000619233018185-0.000331120011614i,0.000148109385015+0.000971830212949i,-0.001511019542832+0.002536082303449i,-0.008373512644492+0.003340444160155i,-0.021849969846348-0.006086964172844i,-0.028990251588025-0.036793427842661i,-0.004638079536311-0.079509637124947i,0.056115598927945-0.096798525777676i,0.115039923736212-0.061384120855330i,0.125865250787789+0.003897654741302i,0.085957287577408+0.046272390593241i,0.037505769056431+0.033682142056629i,0.031457137149529-0.023799532616809i,0.095444213247577-0.081814762919776i,0.210189895276512-0.083057403894335i
0.166011612658069+0.000000000000000i,0.156089534822183+0.052297284335701i,0.094074303159369+0.077893682982512i,0.028136007179054+0.060336258659673i,-0.003094690345409+0.028709200548034i,-0.016794254645314+0.019464652276251i,-0.052464180918623-0.013143912564099i,0.026336582536015-0.097993751744857i,0.149400915624719+0.081463686072906i,-0.168152908960962+0.174328882340241i,-0.136949941027219-0.241097918282953i,0.250644113275763-0.052344918815110i,-0.023687136264890+0.190524070733082i,-0.104643174936544-0.052920428728436i,0.042985847401284-0.039675633476430i,0.008796460242915+0.022220065740916i,-0.008067458575335+0.000000000000000i,0.000620591547317-0.002253867079787i,0.000398413599330-0.000841957836906i,0.003000017954031-0.002438035346139i,0.010687429399947+0.002598601506990i,0.009555794247027+0.024924931622044i,-0.033243188775767+0.047836461951589i,-0.113040582123915+0.003934166064504i,-0.127449445607306-0.138099989419964i,0.013282495068366-0.258572608933229i,0.208129443521787-0.204112990252471i,0.265355040102335-0.022477042004572i,0.167352537559949+0.096000994296320i,0.064123942217316+0.076165943430750i,0.056315012775612+0.002480191111233i,0.116247234776365-0.029572822702867i
0.276563625474294+0.000000000000000i,0.298515063663603+0.081463765360527i,0.244405123101166+0.143732360025454i,0.137383034823108+0.154638881660931i,0.045979957278080+0.073555581680861i,0.106584000305600+0.031529318540120i,0.013887213712905+0.200131650378994i,-0.276141777565326-0.041278558125945i,0.144570025595378-0.335567949137866i,0.322090991405852+0.230067798269471i,-0.255206104843556+0.239550989801576i,-0.138759286837409-0.214395324501451i,0.141360511426303-0.062752402858198i,0.022112631823724+0.075148141028957i,-0.032983450442158+0.005937546722023i,-0.001054739906719-0.012189851239480i,0.003876735225610-0.000000000000000i,0.000074507099048+0.001224950495651i,-0.000416738306525+0.001130063275769i,-0.003669463304923+0.002361779378918i,-0.012912841304248-0.003032882779129i,-0.017089443380362-0.027551362316897i,0.013010828076985-0.062130002544736i,0.079665101348896-0.057712248003095i,0.118048414464214+0.009487136896142i,0.079203020168032+0.071769925014651i,0.020106955160774+0.063198699133733i,0.009550906146664+0.021713678050767i,0.028912775842902+0.000295901058488i,0.050761457484024-0.017109895394839i,0.100483589561563-0.045416201992159i,0.190809097486126-0.049863138936010i
0.120978675184829+0.000000000000000i,0.112681071460342+0.034309238876385i,0.073574317339904+0.043295372969406i,0.035469395167567+0.021811946171236i,0.035970153447628-0.006115472133480i,0.035256797104724+0.041298844049744i,-0.101331595258067+0.005172887849860i,0.057632977866502-0.213558158285028i,0.296138805065328+0.170632527994919i,-0.307982758402285+0.288528129052115i,-0.185503873677813-0.384546954604466i,0.348511144332254-0.049782929838207i,-0.040981034118479+0.233171481206577i,-0.114175225043196-0.062489881347396i,0.043693334550938-0.039096269505091i,0.007934547418954+0.020189283281440i,-0.006546854635806+0.000000000000000i,0.000946701608979-0.001293896893921i,0.000602826079701+0.001998283851399i,-0.003031483072545+0.005885629788501i,-0.018018950068075+0.008465696837993i,-0.048406833202431-0.010338562957989i,-0.067014581677766-0.075699087559200i,-0.017921258103261-0.168980282257891i,0.111668532261673-0.207434509147210i,0.237215053379571-0.129474191656430i,0.256926577111599+0.013481681023825i,0.170206444539878+0.109735742280808i,0.064574451896021+0.108952677130951i,0.014978115485759+0.047694774577150i,0.033598950583999-0.010686522111552i,0.085335695873015-0.026369516565497i
0.060171619098541+0.000000000000000i,0.082124458915209+0.035444669141014i,0.066193651555148+0.080485197957915i,0.021015803105010+0.101731351463384i,-0.030861136998875+0.088597199204388i,-0.056509739255210+0.022293670615194i,0.025966722544044-0.007029429517433i,-0.012566427531118+0.116585399062059i,-0.179592251316094-0.049930042773024i,0.119353877608615-0.190558008238398i,0.144585976219351+0.173515808134774i,-0.172340405732821+0.067603251343912i,-0.004822568840796-0.122994225448559i,0.063293970728840+0.020715794292229i,-0.018940202122062+0.022538799587765i,-0.004696540968472-0.009630715202643i,0.003371656543720-0.000000000000000i,0.000124077338705+0.001109975607705i,0.000779962947187+0.002390330350835i,-0.002449582074056+0.008907989691331i,-0.019653425124531+0.016880567738349i,-0.058833070687588+0.008331489925852i,-0.103524871033262-0.044155624642650i,-0.107889928588761-0.141876891565442i,-0.036421403310336-0.236867677399600i,0.092752940587088-0.260731028470754i,0.207086111150619-0.180330083759438i,0.228554228348519-0.039428225344508i,0.151308877958701+0.064758610245833i,0.054109378375963+0.078134878504045i,0.010054101388934+0.035853066775689i,0.023778090796385-0.000311146719880i
-0.402731787172341+0.000000000000000i,-0.488813123749831-0.106918030432630i,-0.465614556694425-0.222041224091303i,-0.333102871634382-0.279873057874657i,-0.166534085298414-0.228840639457494i,-0.103144641223588-0.131889551549992i,-0.053241579173909-0.171288366158911i,0.182841456221599-0.081090774480907i,0.037560066665092+0.275111703690645i,-0.366651121780278-0.020155867902906i,0.091667935074138-0.386970012264647i,0.324009300616812+0.147826697811243i,-0.157165324690731+0.212040931284155i,-0.105252300193275-0.122038367970272i,0.071647133659696-0.037395769164299i,0.008003075524629+0.032240276999966i,-0.011139236840015+0.000000000000000i,0.000920736700495-0.002861479205117i,0.000924476937920+0.001225983985337i,-0.001080374279169+0.003540267238909i,-0.008756016980954+0.006880750019377i,-0.028436974222097+0.001254868401318i,-0.050084974124868-0.032803843514440i,-0.037253841936465-0.096619826208115i,0.036712954341753-0.142494824276515i,0.130909844686787-0.110804295208314i,0.162960824376078-0.014045523715428i,0.108741725079555+0.068449070545082i,0.020370541707408+0.091149259764093i,-0.060011536592211+0.080494207700440i,-0.146784283750537+0.071601538833456i,-0.266814839376933+0.056294424301891i
0.057623874292974+0.000000000000000i,0.087329520820300-0.002603956267634i,0.108840259103202+0.006642337289736i,0.100159530039721+0.022610930180780i,0.081752084291862+0.012503094063137i,0.084946102330868+0.045258966303868i,-0.030457705051617+0.061204447566650i,0.005063812766496-0.089318957533031i,0.117285723036474+0.086375201058514i,-0.169108719752268+0.067858816921695i,0.021737562835680-0.198468174741453i,0.156947699086510+0.087192232178280i,-0.095987596345794+0.086472480286659i,-0.032950825273954-0.066576369399057i,0.033301174257304-0.008237584728048i,0.001127596146562+0.012853519444875i,-0.004109675806252+0.000000000000000i,-0.000162589240342-0.001330414815636i,0.000420539655119-0.001330184103225i,0.004091594533283-0.002873281035029i,0.015225988779692+0.003206569914300i,0.020689412292166+0.034140392973152i,-0.022044886384783+0.081799109166343i,-0.129634243239206+0.072485070145733i,-0.206572469462462-0.058958086330674i,-0.125924575777985-0.223075939699864i,0.064111064806778-0.243725706463965i,0.175302672741389-0.107530153599098i,0.138963759808353+0.026931687904615i,0.056527756359432+0.061994284085780i,0.019879272415651+0.036955985991472i,0.029996180860642+0.011586274633305i
-0.067206589040000+0.000000000000000i,-0.038732855506118-0.024881645317572i,0.003498114993920-0.024635325697504i,0.030274822394557+0.000587674705841i,0.015320346642190+0.022578808889018i,0.006288119516470-0.018860627326592i,0.106195109404409+0.019163085778947i,-0.060148505615868+0.205989600245632i,-0.288383598597764-0.174192710364709i,0.325581707491265-0.298824151862316i,0.205682199912426+0.425624464256803i,-0.407442867880881+0.059555831684901i,0.050434252687797-0.288662440719431i,0.149502766074423+0.082416352826713i,-0.061127536912099+0.053996157560523i,-0.011505779899917-0.029877697468999i,0.010373414118004-0.000000000000000i,-0.000877788326962+0.002654872474531i,-0.000111740787319+0.000363158404800i,-0.000649721305258+0.003382147674224i,-0.008811216834855+0.008009902846768i,-0.032872015039231+0.003723069459018i,-0.065590560231839-0.037012686164792i,-0.058578141874142-0.127452789208889i,0.040828659172291-0.209685011051681i,0.192663469120314-0.183476878609939i,0.268354223705807-0.040763023537452i,0.205573523603948+0.100093415757075i,0.080703192629328+0.142844497470414i,-0.010038450593195+0.110380767760130i,-0.051306188792802+0.067124949004552i,-0.068807802415848+0.033055447779897i
0.146395202411948+0.000000000000000i,0.185281289967348+0.077268093337216i,0.158702021105301+0.162281050584522i,0.078018059236673+0.192865192997939i,0.011261673377213+0.167401577524711i,-0.066245501465400+0.135527155403182i,-0.121021075562220-0.036296310674219i,0.139873517623747-0.102685681486656i,0.085642781362641+0.266848320449328i,-0.333045300644880+0.021587765856821i,0.062902138381642-0.307543157679738i,0.212640282553842+0.109044835940667i,-0.099060598919878+0.108278156812407i,-0.039272413475200-0.060832931630861i,0.027007703765608-0.009440940512705i,0.001225809867653+0.008939127809982i,-0.002213946465593+0.000000000000000i,0.000317933781550-0.000246285541318i,0.000546761220068+0.001665279313110i,-0.002489338620781+0.005915157860165i,-0.017046387831920+0.009207631825334i,-0.047091176358246-0.009144144634503i,-0.060994149272336-0.075632522667374i,0.005991032243305-0.160719380900174i,0.151636296554476-0.155798794174795i,0.239727805938515-0.009938047879022i,0.159001782054209+0.146565355519557i,0.000306392415943+0.159049317073866i,-0.073850901348662+0.059103761891538i,-0.042324475060393-0.023893258581149i,0.020508763055868-0.047334200449771i,0.082564854687263-0.038203424643195i
-0.288441559182450+0.000000000000000i,-0.330411870242412-0.086106763367582i,-0.286703666442330-0.163812845517427i,-0.191426920657881-0.187552807299083i,-0.078965302046207-0.176950611542618i,0.036956770923131-0.067196408952039i,-0.085929326616534+0.041209684677313i,-0.060244084470521-0.219639949989529i,0.322111413018820+0.027545985730993i,-0.187902464392712+0.345450204394159i,-0.251283999059222-0.315962302947115i,0.330738290538341-0.095405833471808i,-0.024948556763922+0.242135684034162i,-0.126467543352787-0.065639782684791i,0.051664803279341-0.045563046944834i,0.009639544035711+0.025709564413505i,-0.009085161721284+0.000000000000000i,0.000547876473508-0.002600164282021i,0.000580152513876-0.001580055066271i,0.005460459014066-0.004259744985520i,0.020715622679597+0.003146507566931i,0.029714195917264+0.041837086275620i,-0.017811068763789+0.101083201564913i,-0.136498353436021+0.096190713271752i,-0.217061790797470-0.034987137134629i,-0.139985251470043-0.185806752286011i,0.021998631839969-0.193800476752389i,0.096689963582761-0.078626377483675i,0.053564345128360+0.019399244001100i,-0.024320255211973+0.052067046971104i,-0.102200081690602+0.057926444127824i,-0.195093199246868+0.048199129629025i
-0.145323426765484+0.000000000000000i,-0.130178324970997-0.040398309649206i,-0.079266712238304-0.054191537285849i,-0.019636886011258-0.039812826337594i,0.014354752167275+0.024110553459464i,-0.078117994240396+0.040994700583822i,-0.032098099198573-0.144994048799102i,0.238389041388411+0.018993777484897i,-0.094766764077380+0.296200008036836i,-0.273958579928734-0.165808319273996i,0.188449375820501-0.187425427872780i,0.090226099476258+0.151989344219842i,-0.089030633610716+0.026152582369840i,-0.001169471350601-0.037498448425356i,0.010763253209081+0.002520680336453i,-0.000964178060189+0.001734161594729i,0.000033571001883-0.000000000000000i,-0.000127700479178+0.000144750460597i,-0.000332465513191+0.000255172804753i,-0.002335543582868+0.000128751074732i,-0.007417093728695-0.005608776344879i,-0.006545239252076-0.027767550691617i,0.030575499270813-0.062207524182153i,0.122876223003397-0.055565589076274i,0.203907425243088+0.056110257393038i,0.152307310610906+0.221275677596962i,-0.028573123140995+0.276270793629851i,-0.169811082533791+0.163090142062174i,-0.163082963837024+0.019509279039225i,-0.090167465742940-0.023183818964667i,-0.069609518363056+0.009888544738096i,-0.110021854494217+0.028370815997956i
0.098828167615566+0.000000000000000i,0.167042382685531+0.038875440380498i,0.191575313864625+0.101200860151645i,0.152711830902586+0.145602345056452i,0.083292204773086+0.129567602804267i,0.054047145805679+0.091248340225464i,0.004784497391574+0.096104113134533i,-0.073616265911705+0.010447464648032i,0.023069629354406-0.081251884562398i,0.091132487788840+0.040712490433602i,-0.045799612090386+0.084394808460963i,-0.066187192228341-0.044476205026676i,0.037705565018961-0.043188411497686i,0.022163958525593+0.026946424573863i,-0.015597069933363+0.008252604535044i,-0.001866546900503-0.007080226753686i,0.002322391157900-0.000000000000000i,-0.000849152429752+0.000062904867030i,-0.000493470290214-0.003935799846504i,0.008330683930832-0.010851221989495i,0.038892827146006-0.006250274396835i,0.076405726213134+0.053356163117941i,0.031989006029253+0.178620728062265i,-0.170875664774624+0.237346642923329i,-0.389877838855158+0.050215657750298i,-0.338464036872416-0.287949880265769i,-0.010956479954825-0.425180076770431i,0.250903511409918-0.237694523782844i,0.238291607589011+0.016343295689960i,0.092507515410385+0.105543842588527i,0.010020080297555+0.062015708974014i,0.028895569025943+0.008085879329205i
-0.523724207998501+0.000000000000000i,-0.575874381512650-0.164694638869981i,-0.475938313853325-0.300795770929692i,-0.282460721380438-0.330471931084873i,-0.099095729563804-0.248557828585926i,-0.021308201642984-0.115592000032456i,-0.041150312820306-0.084966228281048i,0.079770002976638-0.113803809240999i,0.133411805249455+0.132422868758891i,-0.207609144752855+0.123272785961534i,-0.072785051016539-0.247168458579742i,0.223818204882559-0.004466482176498i,-0.041736238690563+0.153393632935825i,-0.077875673442725-0.049756431737432i,0.034141264855318-0.027790184671058i,0.005869646137080+0.016181629530246i,-0.005638762683959+0.000000000000000i,0.000055258989685-0.001746828235868i,-0.000277675462553-0.002376823950844i,0.004462775025914-0.008358348805719i,0.026001328489113-0.010547904678062i,0.064381150800632+0.020566360360898i,0.071121832925090+0.112450492183424i,-0.029431472270651+0.211892374864362i,-0.209927692003921+0.186106535164938i,-0.299225029071818+0.003459288749950i,-0.195387219397174-0.167057220124748i,-0.023340166465879-0.167492339649102i,0.041980145478857-0.044626542276838i,-0.028032717554730+0.070651735622590i,-0.176698063258023+0.123469125350700i,-0.361123508073197+0.104655259682920i
0.145280378462799+0.000000000000000i,0.177904454894754+0.056834559334757i,0.158734019239750+0.108332549824123i,0.098239624675641+0.125989654829972i,0.032992502804400+0.078420301319811i,0.067120487787050+0.027550683419975i,0.042902969460822+0.147946500284671i,-0.220841380104104+0.037263357416116i,0.026837994958131-0.314907760030721i,0.364807506342617+0.110242120189816i,-0.177607331106992+0.331885775566674i,-0.237673794452707-0.194790336177324i,0.159751968350826-0.133111079058976i,0.057162151314630+0.101759005498619i,-0.051375226794313+0.017917943469090i,-0.003457129477745-0.020824856098469i,0.006963427719081-0.000000000000000i,0.000343995689999+0.002286977947929i,0.000624116153845+0.003207313097796i,-0.004062042915744+0.011698714258503i,-0.029797549984301+0.021007761895613i,-0.087635761755674+0.000193504082954i,-0.143528262202401-0.097527360543246i,-0.107904750892248-0.263039494850593i,0.069548501616993-0.381283731609456i,0.297111422555952-0.327612606641839i,0.407054212575912-0.120519224022367i,0.331843708000778+0.085479560035281i,0.162751450177853+0.160793837355743i,0.038081796723918+0.109228496125242i,0.018935618300830+0.022881084217569i,0.075678064070483-0.020111432657224i
-0.208024370401060+0.000000000000000i,-0.294815560882530-0.082455037214866i,-0.302817205689233-0.193043308938908i,-0.212283768207414-0.256545841484177i,-0.100622445622299-0.221431516203950i,-0.036258523044826-0.177441735614624i,0.089704697667479-0.106070140558607i,0.031758412667199+0.114108150430963i,-0.187378226324100-0.046642400959578i,0.115380448757605-0.198958339164347i,0.143132924056987+0.154289623371227i,-0.139752363745249+0.066323718327402i,-0.012413893353631-0.089707281922909i,0.040988235568816+0.007296168395762i,-0.007222028067903+0.012801925272829i,-0.002311942011315-0.003028896956420i,0.000680942179643-0.000000000000000i,-0.000084262063456+0.000001736675780i,0.000488174892354-0.000014874221785i,0.001820611377354+0.001511110832317i,0.001931633666068+0.008747722178562i,-0.011591350692218+0.023469693865189i,-0.054513947697009+0.024922992104456i,-0.105132659444401-0.027812067264011i,-0.091600354688846-0.127757332217220i,0.012615288166976-0.181015378157172i,0.115175258386587-0.120862570234817i,0.120414199481654-0.013929691366630i,0.055133573528045+0.040064905843056i,-0.004313191437373+0.037202594971377i,-0.046601436971807+0.028566282517468i,-0.110137234855996+0.027523605557848i
0.068892595244485+0.000000000000000i,0.089521367900293+0.018525961778752i,0.083803662978532+0.039594313847290i,0.060414736801176+0.048687109269450i,0.029348531467535+0.045720735330718i,0.008714519647436+0.023661954209634i,0.006769704615150+0.029772962967442i,-0.056351592242613-0.000034136751883i,0.044067730494382-0.099534031615160i,0.121407371900902+0.106344217924436i,-0.151020307139124+0.098730755558574i,-0.050062758571943-0.147869670938031i,0.104783376474233-0.010585995218379i,-0.004628679151793+0.055240890902632i,-0.022400098748729-0.004445954378388i,0.001364730615919-0.007471844532589i,0.002311624400862-0.000000000000000i,0.000184323261668+0.000789034947490i,-0.000431036180633+0.000480157386365i,-0.001976502558585+0.000544418491058i,-0.006157778931847-0.002785990268740i,-0.008061936399351-0.015119176405941i,0.003136676812203-0.033236727165269i,0.026956502868313-0.042817490420485i,0.048020191499153-0.043112809058904i,0.070154857874247-0.047603485532525i,0.109266081190914-0.038642789751799i,0.134817444836433+0.012194366621211i,0.102854559603033+0.070210690534953i,0.041308054696939+0.076375107053772i,0.013742868606596+0.037468151019803i,0.033523655775877+0.003648450178461i
0.333098801195689+0.000000000000000i,0.378424520108241+0.142181283277388i,0.313494811701042+0.271691852820892i,0.164273038998443+0.309425040319249i,0.031718356462255+0.227562675259563i,0.003583848623612+0.138062952550285i,-0.058303203218998+0.114054788070982i,-0.097133644262655-0.046810258847299i,0.095439136460455-0.067304562647418i,0.035615824658689+0.120807167418183i,-0.104315571130216+0.002794787834717i,0.014531344471125-0.066569977940898i,0.032355653990590+0.014125335887170i,-0.007141427780169+0.012587223562271i,-0.004425760946779-0.002131746522793i,0.000333411727334-0.001646962543912i,0.000763416352257-0.000000000000000i,0.000564130300915+0.000720030660450i,0.000247180146590+0.003298234081591i,-0.007268259679433+0.009319484773171i,-0.034263260441411+0.004919068546970i,-0.067005587393246-0.049849453555559i,-0.021795635902404-0.165704980367260i,0.177527537019299-0.216054386831189i,0.393947116136990-0.019698424744854i,0.332257800444280+0.334999336603715i,-0.026568985211869+0.478012742269521i,-0.318064230100369+0.258684956882260i,-0.293484399396192-0.050799232757779i,-0.088273312080343-0.184480058989929i,0.093947162639436-0.164382658250483i,0.225039992300326-0.098797088310696i
0.109445282808866+0.000000000000000i,0.137136459569588+0.075788858277674i,0.105426008077682+0.142250498759298i,0.051704382210665+0.152800680347650i,0.005295686554281+0.151181827259952i,-0.104354056513129+0.084884034083148i,-0.016070623505107-0.124662825970898i,0.219377058833025+0.085436338259827i,-0.186506611860551+0.265599176116976i,-0.219944761566227-0.264865032288684i,0.272075468470763-0.119407369309048i,0.028007016530197+0.204969390953878i,-0.113354560413663-0.015749875706286i,0.019310837476689-0.045266430599320i,0.012555826783494+0.009422358510673i,-0.002323057948860+0.002310252129384i,-0.000458354972407-0.000000000000000i,-0.000676390180077-0.000557404047498i,-0.000049904342859-0.002791743579034i,0.006348552190415-0.007028372070437i,0.027097168389427-0.001560446857763i,0.047371004796761+0.042778814495460i,0.003947244932335+0.123537983710098i,-0.140070248643645+0.140130657133601i,-0.264314608793853-0.011234179335183i,-0.189478957730090-0.227381869724123i,0.037279507368315-0.275616729814650i,0.176527409289201-0.127534597122647i,0.135461553602161+0.020433200969343i,0.038996963772226+0.044703593173827i,0.007488950854957-0.003018560780533i,0.048090808136103-0.031135248093939i
